{
    "loss": 2.168600082397461,
    "accuracy": 0.5423728823661804
}