{
    "loss": 2.5734710693359375,
    "accuracy": 0.8305084705352783
}